type	orig	source	reason	definition
cited_only	в=и́ъа=в=анх=о	AA2019	unparsed class notation	мёртворождённый
cited_only	ва́кьин/а	SA2012	unparsed class notation	любовник; влюбленный
cited_only	гIахъуши́д/и	SA2012	unparsed class notation	акушинцы; гIахъушидалуб мицIцIи а) акушинский диалект 2) даргинский язык
cited_only	гIахъуши́д/и	SA2012	unparsed class notation	акушинцы; гIахъушидалуб мицIцIи а) акушинский диалект 2) даргинский язык
cited_only	гьакьуй/лъа́б	SA2012	unparsed class notation	( одуш. ) // гьакьуйхо́б ( неодуш. ) числ. седьмой; гьакьуйхоб зив седьмой день;
cited_only	гьакьуцIали/лъаб	SA2012	unparsed class notation	(- хоб неодуш. ) семидесятый; гощуб гьакьуцIалихоб реши ида ему ( пошел ) семиде
cited_only	кIе́ххв/а	SA2012	unparsed class notation	глиняный кумган; миарс. муцIцIе́
cited_only	чу́сс/а	SA2012	unparsed class notation	1) анат. пищевод 2) перен. высокий, долговязый человек
cited_only	э́м/и	SA2012	unparsed class notation	широкий; свободный; эми жила широкое платье; эми нассир свободня обувь
