type	subtype	orig	source	gloss
cited_only	f_cited	асати́най	SA2012	осетинка
cited_only	plural_cited	асати́нал	SA2012	осетины
mwe		а́чуда букIиха́б	AA2019	вечнозеленый
redup		б/акъа́-б/акъа́/б	SA2012	что попало
redup		б/акъа́-б/акъа́/б	SA2012	см. бакъаб
redup		б/акъа́-б/акъа́/б	SA2012	всякие
cited_only	gen_relational	балга́ралуб	AA2019	болгарский
cited_only	gen_relational	балка́ралуб	AA2019	балкарский
cited_only	plural_cited	балха́рал	SA2012	балхарцы
cited_only	other	батIе́-батIе:/б	SA2012	разный
cited_only	other	батIе́-батIе:/б	SA2012	странный
cited_only	other	батIэ́:/б	SA2012	другой
cited_only	other	батIэ́:/б	SA2012	особый
cited_only	other	батIэ́:/б	SA2012	особенный
cited_only	other	батIэ́:/б	SA2012	странный
cited_only	other	батIэ́:/б	SA2012	посторонний
cited_only	f_cited	баха́рай	SA2012	балхарка
cited_only	unclear_b	баши́риб	AA2019	донжуанский
cited_only	gen_relational	башки́ралуб	AA2019	башкирский
cited_only	f_cited	бе́жтIассай	SA2012	бежтинка
cited_only	plural_cited	бе́жтIассал	SA2012	бежтинцы
cited_only	f_cited	белару́сай	SA2012	белоруска
cited_only	plural_cited	белару́сал	SA2012	белорусы
mwe		бета́б ЩИᴴВ	SA2012	скисшее (молоко)
mwe		бешуну́йхоб микъиди́ссуб	AA2019	стократный
cited_only	gen_relational	болшеви́кIалуб	AA2019	большевистский
cited_only	gen_relational	бу́турулуб	AA2019	чеченский
cited_only	other	в=и́ъа=в=анх=о	AA2019	мертворожденный
cited_only	other	ва́кьин/а	SA2012	любовник
cited_only	f_cited	валларва́й	SA2012	нехороший человек
cited_only	f_cited	венге́рай	AA2019	венгерка
cited_only	plural_cited	венге́рал	AA2019	венгры
mwe		вессхъе́ веххо́	AA2019	отсталый
mwe		весхъа хъидихичIо	AA2019	беззаветный
mwe		весхъе́ веххулъо́	AA2019	неуспевающий
mwe		вилир гучIо	AA2019	беспробудный
mwe		вингъа́й вилIихичо́	AA2019	неуязвимый
mwe		винкIи-гьирччи бегъихичо	AA2019	бестактный
cited_only	f_cited	вйетна́май	AA2019	вьетнамка
cited_only	plural_cited	вйетна́мал	AA2019	вьетнамцы
cited_only	gen_relational	вйетна́малуб	AA2019	вьетнамский
cited_only	f_cited	гIага́рай	SA2012	родственница
cited_only	plural_cited	гIагарал	SA2012	родственники
cited_only	plural_cited	гIада́л	AA2019	дурной
mwe		гIадате́ белIа́б	AA2019	привычный
mwe		гIалху́да би́жихаб	AA2019	дикорастущий
mwe		гIаралъи гучIо	AA2019	безродный
cited_only	plural_cited	гIассигIараби́йал	SA2012	арабы немусульманской веры
cited_only	other	гIахъуши́д/и	SA2012	акушинцы
cited_only	other	гIахъуши́д/и	SA2012	даргинский язык
mwe		гIу́муру гучIа=б	AA2019	безжизненный
cited_only	f_cited	гIуру́сай	AA2019	русская
cited_only	other	гва́нгвадаб/агьиха/б	SA2012	бодливый
mwe		го́род бе́та о́рссуссуб	AA2019	загородный
mwe		гура́б баса́лIи	AA2019	кудрявый
cited_only	gen_relational	гу́ржийалуб	AA2019	грузинский
mwe		гуч цIци́кко	AA2019	всесильный
mwe		гу́чата рукIиха́л	AA2019	кочевой
cited_only	gen_relational	гъаза́халуб	AA2019	казацкий
cited_only	plural_cited	гъанкъа́л	AA2019	давленый
cited_only	plural_cited	гъанкъа́л	AA2019	удушенный
mwe		гъа́чIу-ма́чIу // гъа́чIу-ма́чIу кье́рилIи	AA2019	пестрый
mwe		гъургъа вагьихо	AA2019	брюзгливый
mwe		гъу́ргъа-гъургъа вукIихо́	AA2019	сварливый
cited_only	gen_relational	гьа́билуб	SA2012	хунзахский
cited_only	other	гьакьуй/лъа́б	SA2012	седьмой
cited_only	other	гьакьуцIали/лъаб	SA2012	семидесятый
mwe		гьа́нтIкIабалъи гIенкъа́йхаб	AA2019	пронзительный
mwe		гьа́рдуй гьа́йи // кIе́дала гьа́рдуй	AA2019	очевидный
mwe		гьа́рдуй гьа́йи // кIе́дала гьа́рдуй	AA2019	очевидный
mwe		гьардукьи́ бахихичIа́б	AA2019	укромный
class_infix	a	гьачIчIа́хи/бештаб	SA2012	тихий
cited_only	unclear_b	гьекIу́б	AA2019	посторонний
mwe		гье́квиква ссарда́б	AA2019	отвесный
cited_only	unclear_b	гье́суб	AA2019	верхний
cited_only	other	гьечIи́б/ачI/а́б	SA2012	лучший
class_infix	none	гьи́=в=далIи	AA2019	одинокий
class_infix	none	гьи́=в=дассу	AA2019	одинокий
class_infix	none	гьи́=в=дацедалIи	AA2019	одинокий
mwe		дажну бахихо	AA2019	азартный
cited_only	gen_relational	джугьу́тIалуб	AA2019	иудейский
mwe		замана́йхоб // аса́р замана́йхоб	AA2019	временный
mwe		за́риццуб са́ъи	AA2019	студеный
mwe		зварххада́б гьарчIчу́ла	AA2019	звонкий
mwe		и́дида и́дахоб	AA2019	единственный
cited_only	gen_relational	ималалуб	AA2019	старинный
cited_only	gen_relational	ималалуб	AA2019	антикварный
cited_only	unclear_b	иму́б	AA2019	отчий
cited_only	unclear_b	и́ндагIаласуб	AA2019	вечный
cited_only	gen_relational	инде́йцалуб	AA2019	индейский
mwe		инлълъи́да гьи́бда маъиха́б	AA2019	самоходный
mwe		инлълъо́хи ри́кку	AA2019	мерный
cited_only	gen_relational	ира́налуб	AA2019	иранский
cited_only	gen_relational	ирла́ндалуб	AA2019	ирландский
cited_only	gen_relational	исла́ндалуб	AA2019	исландский
cited_only	gen_relational	испа́налуб	AA2019	испанский
cited_only	gen_relational	ита́лийалуб	AA2019	итальянский
cited_only	gen_relational	йапони́йалуб	AA2019	японский
cited_only	gen_relational	йеши́луб	SA2012	женский
cited_only	gen_relational	йе́шилуб	AA2019	дамский
cited_only	f_cited	йиншай	SA2012	см. виншо́в
cited_only	unclear_b	кIа́кIуцIцуб	AA2019	шаровидный
mwe		кIвар аса́рлъи	AA2019	маловажный
mwe		кIва́рилълъи / кIва́рилIи / кIва́рилъи	AA2019	важный
cited_only	plural_cited	кIвахIал	AA2019	больной
cited_only	other	кIе́ххв/а	SA2012	глиняный
cited_only	gen_relational	кабарди́налуб	AA2019	кабардинский
cited_only	gen_relational	каза́халуб	AA2019	казахский
cited_only	gen_relational	камуни́сталуб	AA2019	коммунистический
cited_only	gen_relational	кана́дцалуб	AA2019	канадский
mwe		квани на балъилIи	AA2019	многочисленный
cited_only	gen_relational	кирги́залуб	AA2019	киргизский
cited_only	gen_relational	кита́йалуб	AA2019	китайский
cited_only	gen_relational	кула́калуб	AA2019	кулацкий
cited_only	gen_relational	куна́калуб	AA2019	кунацкий
cited_only	gen_relational	кунтIа́луб	AA2019	мужской
cited_only	gen_relational	кунтIа́луб	SA2012	мужской
cited_only	unclear_b	кунтIе́кIващуб	SA2012	мужественный
cited_only	gen_relational	ку́рдалуб	AA2019	курдский
cited_only	gen_relational	къаджа́ралуб	AA2019	азербайджанский
cited_only	f_cited	къадилай	AA2019	жадная
mwe		къа́мкъа багьа́б	AA2019	побродившийся
cited_only	gen_relational	къача́гъалуб	AA2019	грабительский
mwe		къей ккихичIо́	AA2019	непоколебимый
mwe		къетIе́налъи цIаб	AA2019	закоптелый
cited_only	f_cited	къи́най	SA2012	беременная
mwe		кьурир гучIаб	AA2019	непременный
cited_only	gen_relational	ла́твийалуб	AA2019	латвийский
cited_only	gen_relational	лати́шалуб	AA2019	латышский
mwe		ла́хIтIуццуб бо́ццу	AA2019	непроглядная
cited_only	gen_relational	лезги́налуб	AA2019	лезгинский
cited_only	unclear_b	ле́ниниб	AA2019	ленинский
cited_only	gen_relational	лито́вцалуб	AA2019	литовский
cited_only	gen_relational	лъара́гIалуб	AA2019	кумыцкий
mwe		лълъенилъи́нуку хьвадиха́б	AA2019	подводный
cited_only	gen_relational	магIарулалу́б	SA2012	аварский
cited_only	gen_relational	магIарулалу́б	SA2012	горный
cited_only	gen_relational	магIарулалу́б	SA2012	горский
mwe		мадра́саллъи о́рссуссуб	AA2019	внешкольный
mwe		ма́кIкIвата багьиха́б	AA2019	вышивальный
cited_only	gen_relational	манго́лалуб	AA2019	монгольский
cited_only	gen_relational	маркси́сталуб	AA2019	марксистский
mwe		мукIура́ бигьа́	AA2019	сговорчивый
cited_only	plural_cited	на́хилъал	SA2012	беременные
cited_only	gen_relational	не́мцалуб	AA2019	немецкий
mwe		никIа-гьи́рчIу ра́гьи бегъиха́л	AA2019	воспитанные
mwe		никку́лъи гъва́нилълъи	AA2019	пустоголовый
mwe		ну́кIада бу́лълъаб	AA2019	давнопрошедший
cited_only	gen_relational	парсса́калуб	SA2012	босяцкий
cited_only	gen_relational	партиза́налуб	AA2019	партизанский
mwe		партилъи гучIо	AA2019	беспартийный
cited_only	gen_relational	пе́рсалуб	AA2019	персидский
cited_only	gen_relational	пурссу́мадулуб	AA2019	магометанский
mwe		ра́гъи бажа́рирлъилъи	AA2019	боеспособный
mwe		ракIвалъи-къварар гучIаб	AA2019	беспечальный
cited_only	plural_cited	ракъа́л	AA2019	дружный
mwe		ракьи́-рагIа́нда бацIа́б	AA2019	исчерпывающий
mwe		ракьи-рагIа́нда баца́б	AA2019	подробный
cited_only	gen_relational	ре́чIухалуб	AA2019	дедовский
mwe		ри́гьуди чо	AA2019	пожилой
cited_only	plural_cited	ричIи́чIал	SA2012	см. биъичIа́б
mwe		риъа бехутIу́ссуб	AA2019	посмертный
mwe		ру́гьуди чо	AA2019	преклонный
cited_only	gen_relational	руминалу́б	AA2019	румынский
mwe		савлухъалда́ку гьатахо́б	AA2019	заздравный
mwe		сас гучIа́б	AA2019	тихий
mwe		сихIирир гуч=о	AA2019	бесхитростный
mwe		сме́талъи гьа́гъайчIаб	AA2019	внесметный
class_infix	a	ссе/битIа́б	SA2012	авторитетный
class_infix	a	ссе/битIа́б	SA2012	передовой
mwe		ссе́да бу́лълъаб	AA2019	давнопрошедший
mwe		ссе́кундалъику-ссе́кундалъа букIихаб	AA2019	ежесекундный
class_infix	a	су́лалъа/вагьихо́в	SA2012	стеснительный
mwe		тIа́цаб басалъи	AA2019	ворсистый
mwe		тIо́паб гу́чIаб	AA2019	отрывочный
mwe		тархъа́н игьо́	AA2019	вольноотпущенный
cited_only	gen_relational	тата́ралуб	AA2019	татарский
cited_only	gen_relational	узбе́калуб	AA2019	узбекский
cited_only	gen_relational	украи́налуб	AA2019	украинский
mwe		ургъичIа́ була́б	AA2019	непроизвольный
cited_only	f_cited	хIала́й	AA2019	отзывчивый
mwe		хIиса-миза́н гучIаб	AA2019	неимоверный
cited_only	unclear_b	хIобо́чицуб	AA2019	косматый
mwe		хIу́тIхъумур гъамдиха́б	AA2019	насекомоядный
mwe		хисаси́ла багьа́б	AA2019	прелый
mwe		ххе́ххи че́рчи	AA2019	незамедлительный
mwe		ххе́ххи че́рчи	AA2019	оперативный
class_infix	a	хху́да/вагьихов	SA2012	пьющий
cited_only	gen_relational	хъалму́хъалуб	AA2019	калмыцкий
cited_only	unclear_b	хъвада́рухъаниб	AA2019	писательский
mwe		хъва́рхъвада багьиха́б	AA2019	печатный
mwe		хьваъа́блъун мицIцихича́б	AA2019	неодобрительный
mwe		хьу́тIиду маъиха́б	AA2019	обтекаемый
mwe		цIцIва́ки бичIихичIа́б	AA2019	немеркнущий
mwe		цIцIи́кIкIу ми́цIцIа	AA2019	кисло-сладкий
class_infix	a	цIцIирцIцIа/букIиха́б	SA2012	визгливый
mwe		цIцIовуцIцIи́ла ригъа́йхаб	AA2019	маетный
cited_only	gen_relational	цIцIу́ралуб	AA2019	грузинский
cited_only	other	це-це́/б	SA2012	иное
class_internal	ceb	це́бда	AA2019	одинаковый
class_internal	ceb	це́бда	AA2019	общий
class_internal	ceb	це́бда	AA2019	равный
class_internal	ceb	це́бда	AA2019	единый
cited_only	other	це́бда-цеб	AA2019	единственный
mwe		цев ала́щуй бу́жир	AA2019	единобожие
cited_only	gen_relational	ццига́налуб	AA2019	цыганский
mwe		чIа́гвала гу́чIа ви́ъала	AA2019	ни жив ни мертв
mwe		чIиква́р гучIо	AA2019	некрасивый
cited_only	gen_relational	чача́налуб	AA2019	чеченский
cited_only	gen_relational	черке́салуб	AA2019	черкесский
cited_only	gen_relational	че́халуб	AA2019	чешский
cited_only	gen_relational	чехаслава́калуб	AA2019	чехословацкий
cited_only	other	чу́сс/а	SA2012	высокий
mwe		щакаки́ла вукIихо́	AA2019	ревнивый
class_infix	a	щакаки́ла/вагьихо́в	SA2012	ревнивый
class_infix	a	щакаки́ла/вагьихо́в	SA2012	мнительный
mwe		щив и́кку борчIа́б	AA2019	поёный
cited_only	other	э́м/и	SA2012	широкий
mwe		эрга́лъи гу́чIаб	AA2019	внеплановый
mwe		э́рзангIан интере́слIи	AA2019	небезынтересный
cited_only	gen_relational	э́рманийалуб	AA2019	армянский
