lemma	plural_hint	unread
агьлу	агьлве	агьлве
адамал	1)	1)
азайскабалъи	старый	старый
алат	-алъи	-алъи
алимент	-илъи	-илъи
алипулан	-алъи	-алъи
анчилъи	анчиди	анчиди
ачура	–(а)де	–(а)де
бахIарав	бахIарзабалъи	бахIарзабалъи
бахIарал	новобрачные	новобрачные
бахъур	-де | -дс	-дс
бел	бебалъи	бебалъи
бебалъи	ч.	ч.
бекIун	-умалъи	-умалъи
белумалъи	уст.	уст.
веххуйр	реххуйде	реххуйде
виᴴшо	нишал	нишал
вутайр	-(ай)де	-(ай)де
гIамал	-де | (-де)	(-де)
гIарадачи	-агIи	-агIи
гIахьучIабалъи	чепуха	чепуха
гIелму	-(в)е	-(в)е
гулатир	-де | ч.	ч.
гуржийав	гуржийал	гуржийал
гучаймалал	переселенцы	переселенцы
гьай	гьабдилъи	гьабдилъи
гьецIил	гьецIибалъи	гьецIибалъи
гьиргъи	I	I
дахIцабалъи	чарыки	чарыки
зай	-абдилъи	-абдилъи
зангалде	сапоги	сапоги
идалъи	-рде	-рде
йешай	нишал	нишал
йешикIва	-йешил	-йешил
кIилълъучIал	близнецы	близнецы
кагъатабалъи	1)	1)
камбинат	--абалъи	--абалъи
квачIи	-б(д)алъи/-е	-б(д)алъи
кечIухъан	-де(хъабалъи) | -де	-де(хъабалъи)
корейанай	корейалъи йешил	корейалъи йешил
кулъебалъи	рукавицы	рукавицы
кулъел	-ебалъи	-ебалъи
къадру	-е(къарве) | -е	-е(къарве)
къватIу	-(в)е (къватIелъи набалъи)	-(в)е (къватIелъи набалъи)
кьетIир	кьетIе	кьетIе
кьимжура	-(а)де	-(а)де
лагь	-дул	-дул
макIил	дети	дети
манголай	-лъилъи	-лъилъи
манголал	-уб	-уб
мискинзабалъи	бедняки	бедняки
мочолде	чувяки	чувяки
парти	-ябалъи	-ябалъи
пучонок	-нкабалъи	-нкабалъи
рагъухъан	рагъухъабалъи // -де	рагъухъабалъи
ракIвал	ракIвабалъи	ракIвабалъи
рекъин	одногодки	одногодки
река	рекабалъи (-е)	рекабалъи (-е)
рекIубалъи	замок	замок
рехъин	-д(е)е | -малъи (-де) | -малъи	-д(е)е
тукан	-амалъи // -де	-амалъи
харашу	-урди	-урди
ххарчаму	-де//далъи	далъи
хъабача	-/балъи	балъи
хъартай	хъарте	хъарте
хьуму	-(е)е	-(е)е
хьурхьул	-д(е)е	-д(е)е
чакмелъи	сапоги	сапоги
чарх	чархе	чархе
чотал	счёты	счёты
