reason	headword	source	gloss
multiword	а́ркъуйхаб ко́би	AA2019	кровельное железо
multiword	а́хIул иша́ра	AA2019	восклицательный знак
multiword	а́хIул иша́ра	AA2019	сигнал
multiword	аза́й реку́н	AA2019	метелка на початке кукурузы
multiword	аза́й реку́н	AA2019	шелковая нить
multiword	азна́й багьаду́р	AA2019	динозавр
multiword	азна́й багьаду́р	AA2019	сказочный богатырь
multiword	ала́заниб къва́тIи	AA2019	название улицы
multiword	анхва́йхаб на	AA2019	кипятильник
multiword	аржи́н и́нчу	AA2019	яблоки
multiword	аччо́т-уччо́т гу́чIир	AA2019	бесхозяйственность
multiword	беххва́-бета́б на	AA2019	остаток
multiword	бо́дул бетIе́р	AA2019	командир отряда
multiword	бу́тIулалъи карту́	AA2019	влагалище
multiword	бу́тулъи му́са	AA2019	Горная Чечня
multiword	вакъащщиха́м му́са	AA2019	укрытие
multiword	вакьада́хи вукIи́р	AA2019	заурядность
multiword	ваха́ра гье́кIва	AA2019	старик
multiword	вихха́ймалигьо гье́кIва	AA2019	изгнанник
multiword	во́бла хъваᴴй	AA2019	вобла
multiword	во́рджиб къва́тIа	AA2019	ущелье
multiword	ворчIа́йхо гье́кIва	AA2019	избавитель
multiword	ву́то гье́кIва	AA2019	изгнанник
multiword	вунгъичIо́ гье́кIва	AA2019	незрелый человек
multiword	гIа́длулъи ру́кIир	AA2019	дисциплинированность
multiword	гIаджи́зав гье́кIва	AA2019	инвалид
multiword	гIадлубихха́йхо гье́кIва	AA2019	нарушитель
multiword	гIантIука́лъи гъала́т	AA2019	недостатки слуха
multiword	гIарза́ хъва́рдар	AA2019	обжалование
multiword	гIатIи́д у́нщи	AA2019	приволье
multiword	гIахьа́лаб букIи́р	AA2019	общность
multiword	гамчIи́л турччи́	AA2019	каменный уголь
multiword	ганда букIир	AA2019	натянутость
multiword	гва́нгвада ба́гьир	AA2019	бодание
multiword	гу́рхIи гу́чIаб да́нда сса́рдир	AA2019	жестокий отпор
multiword	гуржи́ чагьи́	AA2019	грузинский чай
multiword	гъада́й беххи́лъа	AA2019	название садовой местности
multiword	гъамди́-ххуди́ на	AA2019	угощение
multiword	гъва́ᴴнщачIу гьикьи́ссуб му́са	AA2019	зашеек
multiword	гъвали́ барган	AA2019	район центр. кладбища в Ботлихе (садовый участок?)
multiword	гъу́рда-чарда́б на	AA2019	лом
multiword	гъу́рдихаб маши́на	AA2019	дробилка
multiword	гъургъа́рлъи ха́тIа	AA2019	ворчун
multiword	гьа́ба-гъабажам на	AA2019	примесь
multiword	гьа́гахоб муса	AA2019	больное место
multiword	гьа́гъо-ве́то гье́кIва	AA2019	знакомец
multiword	гьа́лIассуб багьа́балъи	AA2019	здешние цены
multiword	гьа́нкъе-ссеку хьваъа́бу ру́кIир	AA2019	достаток
multiword	гьа́рду-ссе букIи́р	AA2019	наличие
multiword	гьа́цIала микъе́	AA2019	название местности
multiword	гьакьу́ди микъи́ди	AA2019	всемеро
multiword	гьале́ инхе́	AA2019	название садовой местности
multiword	гьале́ ра́хъи	AA2019	изголовье
multiword	гье́ку хъва́рхъвадар	AA2019	доносительство
multiword	гьи́бдалIи гьа́нкъу	AA2019	одинокий домик
multiword	гьи́на тIамо́	AA2019	заключенный
multiword	гьибцIа́йхаб шар	AA2019	воздушный шар
multiword	гьункьела рагьу	AA2019	вприскачку
multiword	дагIим гарзе	AA2019	вечные жалобы
multiword	дагъиста́налъи ба́ла	AA2019	дагестанцы
multiword	еши гьай	AA2019	см. йеши-гьай
multiword	жи́кIкIиса йикIиха́й ада́м	AA2019	кокетка
multiword	жи́нкьидам му́са	AA2019	ушиб
multiword	жу́жадаб хатI	AA2019	каракули
multiword	за́бдилъиди ве́хъуйхо ада́м	AA2019	боксёр
multiword	захIма́т зив	AA2019	трудовой день
multiword	зила къуркъу	AA2019	капустница
multiword	и́бху-би́чата вукIихо́ гье́ква	AA2019	перекупщик
multiword	и́лала-и́мала гучIо́	AA2019	сирота
multiword	и́ша I	AA2019	стадо
multiword	и́ша I	AA2019	стая
multiword	и́ши ета́й ада́м	AA2019	горничная
multiword	и́шхъишхъа му́гъо	AA2019	вразнос
multiword	инлIица́йда ре́ши то́пир	AA2019	шестидесятилетие
multiword	инщу́йда гьи́вда	AA2019	самокритика
multiword	иша́лъи кIко́ла	AA2019	название садовой местности
multiword	йе́чIуха илач\у	AA2019	бабуся
multiword	йевро́палъи бала	AA2019	европейцы
multiword	йегъи́хичIай ада́м	AA2019	незнакомка
multiword	йинсихичIа́й ада́м	AA2019	неуловимая женщина
multiword	кIа́нцIела рагьу	AA2019	вприпрыжку
multiword	кIа́нцIцIи арси	AA2019	монета
multiword	кIа́нцIцIи-са́нтIи на	AA2019	мелочь
multiword	кIанцIихо́ гье́кIва	AA2019	прыгун
multiword	кIе и́шлъи багьа́ гу́чIаб	AA2019	гроша медного не стоит
multiword	ка́кихо гье́кIва	AA2019	критик
multiword	кавка́залъи ба́ла	AA2019	кавказцы
multiword	капи́таниб къва́тIи	AA2019	название улицы в Ботлихе
multiword	карачи́лъи багъаргъир	AA2019	волнение
multiword	ква́налъи ру́ша	AA2019	сосна
multiword	ква́хилалъи гьанкъу	AA2019	пройма
multiword	квати́ралъи гъване́кIва	AA2019	квартирохозяин
multiword	кканда́б щиᴴв	AA2019	надоенное молоко
multiword	ко́ди беххуйр	AA2019	менструация
multiword	курен гиу	AA2019	пиявка
multiword	къа́мдайр гучIир	AA2019	акцент
multiword	къа́мдам му́са	AA2019	прокус
multiword	къамаку́рлъи ша́ᴴй	AA2019	пригарь
multiword	къанкIаралъи квахалир	AA2019	судорога
multiword	къаркъучIве биштихамна	AA2019	каталка
multiword	къе́рам му́са	AA2019	рана
multiword	къегье́нихаб хха́ми	AA2019	мешковина
multiword	къетIе́нигъва бечIе́р гьебе́рсси	AA2019	вопиющий обман
multiword	къи́ндайхаб на	AA2019	жало
multiword	къиза́налъи гIа́ла	AA2019	ветвь рода
multiword	къу́со гье́кIва	AA2019	еретик
multiword	къункъра́лъиццуб га́ру	AA2019	журавлиная шея
multiword	кьватIа́дам му́са	AA2019	трещина
multiword	кьи́бда вагьихо́ гье́кIва	AA2019	танцор
multiword	кьура́йхаб му́са	AA2019	приспособление для приведения в действия механизма
multiword	лIи́бди-ххудиха́м на	AA2019	похлебка
multiword	ла́бдаб зай	AA2019	тумак
multiword	лабло́й лист	AA2019	лавровый лист
multiword	лавлай ру́ша	AA2019	лавр
multiword	лаила́гьа и́лала	AA2019	бай-бай
multiword	лай-бечIе́р гьебе́рси	AA2019	вопиющий обман
multiword	лай-къетIе́н гьебе́рси	AA2019	вопиющий обман
multiword	лълъебхва́ла на	AA2019	принадлежность
multiword	лълъурще́сса рагьиха́б му́са	AA2019	каток
multiword	ма́ркIачIуссуб ко́дир	AA2019	вечерня
multiword	ма́саталъо гье́кIва	AA2019	выразитель
multiword	ма́хилъи ру́гьу	AA2019	берёзовый лес
multiword	макIилуха́ рагьи́р	AA2019	ребячество
multiword	масхъа́ра-хIале бикко́	AA2019	полушутя
multiword	ме́къи ма́кIи	AA2019	капризуля
multiword	метре́лъи беххи́лар	AA2019	метраж
multiword	ми́къаку на ма́ъир	AA2019	забывчивость
multiword	ми́щайхаб на́	AA2019	выключатель
multiword	миха́йхо гье́кIва	AA2019	обидчик
multiword	мицIцIикIва́(р)лъи гъва́ни	AA2019	сплетник
multiword	мицIцIикIва́рлъи кагъа́т	AA2019	донос
multiword	му́ххаб до́нги	AA2019	выгребная яма
multiword	на́ъагьи́ргъа рукIиха́б	AA2019	заезжий
multiword	нарази́йаб на	AA2019	долг
multiword	нукулалъи ххинкIа	AA2019	коленная чашечка
multiword	нуцIцIаб дунел	AA2019	прояснение
multiword	пакъи́рзабалъилъи гьанкъу	AA2019	богадельня
multiword	палйа́калуб ми́цIцIи	AA2019	польский язык
multiword	паши́сталу би́дулав	AA2019	фашистский убийца
multiword	пеле́нади пудир	AA2019	дутьё
multiword	пу́рццилъи бесу́н	AA2019	лемех
multiword	ра́цIи гьиргъал	AA2019	заезжие
multiword	раби́гIул ава́л	AA2019	март
multiword	раби́гIул ахи́р	AA2019	апрель
multiword	ракIваре́ссуб сура́б на	AA2019	задняя мысль
multiword	рахху цIебекъерулъи	AA2019	сорт кукурузы
multiword	ре́булъикку рекьар	AA2019	весенняя вспашка
multiword	ребулъиссуб зив	AA2019	весенний день
multiword	регъа́м му́са	AA2019	спайка
multiword	рехулъи бекьи	AA2019	ферма для овец
multiword	рехъа́чIу бесхъе́	AA2019	название садовой местности
multiword	речи вехху́йхичIал ада́мал	AA2019	незабываемые люди
multiword	решинакьа́ бу́рдир	AA2019	космический полёт
multiword	решиналъи́ тункида́б гьа́нкъу	AA2019	небоскрёб
multiword	ругьу́найхо гье́кIва	AA2019	дрессировщик
multiword	сана́гIат бакъаб заман	AA2019	благоприятный момент
multiword	сина́б на	AA2019	заклейка
multiword	сина́ймалаб кагъа́т	AA2019	наклейка
multiword	ссе́ссувда гьалмагъ	AA2019	давний друг
multiword	ссебигъатахо́б на	AA2019	мираж
multiword	сси́мичкалъи лълъи́рлълъи	AA2019	подсолнечное масло
multiword	ссиби́ралъи гье́кIва	AA2019	сибиряк
multiword	ссоветалуб валаст	AA2019	власть советов
multiword	ссоветски валаст	AA2019	советская власть
multiword	ссунтI вулълъидера	AA2019	допьяна
multiword	ссухъма́хъ ми́къи	AA2019	тропа
multiword	тIопа́йчIа бети́р	AA2019	неисполнение
multiword	та́рта ра́гьу	AA2019	вразвалку
multiword	тегела -	AA2019	женское национальное платье
multiword	тирда́б на	AA2019	прыщ
multiword	ту́хи гьа́махи	AA2019	растяпа
multiword	у́ᴴчIу багьиха́б гьа́рччахи ве́шдир	AA2019	внешнее спокойствие
multiword	унгу́нгеб къайда́ди	AA2019	всерьёз
multiword	хIа́бдахобццуб гьа́рчIчу	AA2019	лающий голос
multiword	хIали́хьатаб му́ху	AA2019	проделка
multiword	хIастратав гьудул	AA2019	закадычный друг
multiword	ха́даталъо гье́кIва	AA2019	проситель
multiword	ха́ни ва́ша	AA2019	принц
multiword	хабарасалъо гьекIва	AA2019	собеседник
multiword	хха́рдаб на	AA2019	вязанка
multiword	ххварда́м муса	AA2019	натек
multiword	ххе́ххи че́рчи	AA2019	вёрткий
multiword	ххе́ххи че́рчир	AA2019	проворность
multiword	хху́рххихо гье́кIва	AA2019	борец
multiword	хъа́бщадам му́са	AA2019	царапина
multiword	хъи́дичIа́ бехху́йр	AA2019	недосмотр
multiword	хъу́хъада вагьихо́ гье́кIва	AA2019	пильщик
multiword	хъура́б тама́ку	AA2019	тёртый табак
multiword	хьув вукIу́ба / хьуб рукуба́	AA2019	прощайте
multiword	цIатиха́м му́са	AA2019	крематорий
multiword	цIцIвакада́ймалаб кагъа́т	AA2019	лощёная бумага
multiword	цIцIи́рхьидаб тIа́нкIе	AA2019	пятна
multiword	цIцIудури́в вукIи́р	AA2019	предостережение
multiword	це́блъа гъир	AA2019	объединение
multiword	це́бцIерилIи гье́кIва	AA2019	однофамилец
multiword	чIа́гвалъи кки́р	AA2019	живительность
multiword	чIа́нкIваццу ма́кIи	AA2019	голыш
multiword	чIчIабдаб на	AA2019	забор
multiword	чама́стакилъи ру́ша	AA2019	пальма
multiword	чама́стакилъи ру́ша	AA2019	разновидность абрикоса
multiword	чугьихо гьекIва	AA2019	бегун
multiword	ччи́мдаб на	AA2019	кал
multiword	ша́мсудиниб къва́тIи	AA2019	название улицы в Ботлихе
multiword	ша́шкелъи чIчIе	AA2019	шашечница
multiword	шима гьаргIа	AA2019	название плоской местности, где построен аэропорт
multiword	ща́мщалъи гьа́рчIчIу	AA2019	свист
multiword	щакъи́ цIцIунда́йхаб кагъа́т	AA2019	промокательная бумага
multiword	э́бгIала бегъихо́лъун ви́гъир	AA2019	всезнайство
multiword	экIва́б на	AA2019	избыток
multiword	эрке́нари гъа́нухоб рагъ	AA2019	борьба за свободу
unparsed notation	"в""ъир"	AA2019	важность
unparsed notation	пир’а́никI	AA2019	пряник
unparsed notation	хъах(I?)балъи	AA2019	аморальность
