form	tag	class	gloss	status	source	note
ла	add		additive 'тоже' (денла 'я тоже')	site	lingconlab; SA2012 p.558; AA2019	also conjunction-like -ла 'и'; SA: 'если'
ла	cq		content question (эбла 'what')	site	lingconlab	same form as add: both analyses kept
лълъи	comit		comitative (лълъенилълъи 'with water')	site	lingconlab; SA2012	SA2012: -лълъи 'совместность'
дала	even		'даже, ни, тоже' (миндала)	site	lingconlab; SA2012	
лъун	func		functive 'в качестве' (мугIалим=лъун)	site	lingconlab	
хвала	indef		indefinite / 'хоть, хотя бы'	site	lingconlab; AA2019	
гIала	indef		indefinite	site	lingconlab	
кIвала	indef		indefinite (инндакIвала)	site	lingconlab	
да	int		intensifier 'уже, же, даже' (дуйда)	site	lingconlab; SA2012; AA2019	the corpus also glosses =да / =ида as the copula: see copula_da.lexd and copula_ida.lexd
хха	ptc		emphatic 'же'	site	lingconlab; SA2012	
ха	ptc		emphatic 'же'	site	lingconlab	
ду	towards		'по направлению к' (-ду)	site	lingconlab; SA2012	AA2019: also -ду forms place adverbs (ишхъаду 'поближе')
ххинду	towards		'по направлению к' (рухьулъаххинду)	site	lingconlab; SA2012	
талу	quot		quotative 'мол'	site	lingconlab; AA2019 (талу)	
кIул	quot		quotative	site	lingconlab	
хвата	rep		reportative 'говорят'	site	lingconlab	
лъила	an.cq		animate content question (эпилъила 'why')	site	lingconlab; AA2019	
лъима	an.pq		animate polar question (гьинулъимахикIул)	site	lingconlab; SA2012	
хула	inan.cq		inanimate content question (эбхула 'what')	site	lingconlab; AA2019	
хума	inan.pq		inanimate polar question (батIебхума)	site	lingconlab; SA2012	
ма	pq		polar question (букIичIама)	site	lingconlab; SA2012; AA2019	
ццуб	simil	n	similative 'словно, такой же как' (хъидабццуб)	site	lingconlab (=ццу-б simil-n); SA2012 p.558; AA2019 (entry ццуб)	agrees in class; only the forms attested in the corpus are listed
ццув	simil	m	similative, m (вацциццув)	site	lingconlab (=ццу-в simil-m)	
гъаб	restr	n	restrictive 'именно этот (из нескольких)' (замангъаб)	site	lingconlab (=гъа-б restr-n); SA2012 (entry гъаб)	agrees in class; only the forms attested in the corpus are listed
гъов	restr	m	restrictive, m (гьацегъов)	site	lingconlab (=гъо-в restr-m)	
кIа	emph		emphatic 'же' (минкIа)	sketch	SA2012 p.558; no lingconlab gloss	our tag (no gloss in the corpus); may be a variant of ptc
дера	until		'до, пока' (-дера)	sketch	SA2012 p.558; no lingconlab gloss	our tag (no gloss in the corpus); also occurs inside adverbs (гIиндидера 'досыта')
бе	opt		optative 'пусть' (-бе)	sketch	SA2012 p.559; no lingconlab gloss	our tag (no gloss in the corpus); endings -ибе/-абу of verbs are not clitics
гъу	compar		comparative 'как' (анзигъу гьацIахха)	sketch	SA2012 p.559; no lingconlab gloss	our tag (no gloss in the corpus)
ссуб	atr	n	attributive (ссессуб, горудиссуб)	site	lingconlab (=ссу-б atr-n)	agrees in class; only the form attested in the corpus is listed
хоб	inan.atr	n	inanimate attributive (дийхоб, идахоб)	site	lingconlab (=хо-б inan.atr-n)	agrees in class; only the form attested in the corpus is listed
бугъа	a_lot		'очень, много' (мицIцIабугъа)	site	lingconlab (=бугъа a_lot)	
