pos	upper	lower	source
ADV	бехъутIуру-бехъу тIу	бехъутIуру-бехъу тIу	SA2012
ADV	вакьаралъа ввацIидера	вакьаралъа ввацIидера	AA2019
ADV	вегъихичIо вулълъидера	вегъихичIо вулълъидера	AA2019
ADV	виъира вацIо	виъира вацIо	AA2019
ADV	гIамаб къайдади	гIамаб къайдади	AA2019
ADV	голIору бесхъа	голIору бесхъа	AA2019
ADV	гьачIада микъиди	гьачIада микъиди	AA2019
ADV	гьеа хъидерхи	гьеа хъидерхи	AA2019
ADV	гьебсса ссардо	гьебсса ссардо	AA2019
ADV	гьиволда цеда	гьиволда цеда	AA2019
ADV	гьула-гьала булълъала	гьула-гьала булълъала	AA2019
ADV	гьулъа гьеххиндера	гьулъа гьеххиндера	AA2019
ADV	инлълъохи рикку	инлълъохи рикку	AA2019
ADV	кIедалъа бекъино	кIедалъа бекъино	AA2019
ADV	квагIаб рахъидику	квагIаб рахъидику	AA2019
ADV	квана ссе	квана ссе	AA2019
ADV	лъае гучIа	лъае гучIа	AA2019
ADV	лъунлъи букIала мусе	лъунлъи букIала мусе	AA2019
ADV	нигъир-нишир гучIа	нигъир-нишир гучIа	AA2019
ADV	нукIадалIару бесхъа	нукIадалIару бесхъа	AA2019
ADV	ссарсса рагьу	ссарсса рагьу	AA2019
ADV	ххеххи черчида	ххеххи черчида	AA2019
ADV	цIимдам мусе	цIимдам мусе	AA2019
ADV	цIцIогьорахи балIино	цIцIогьорахи балIино	AA2019
ADV	цебла микъиди	цебла микъиди	AA2019
ADV	чIила рахъидику	чIила рахъидику	AA2019
ADV	чара гучIи	чара гучIи	AA2019
ADV	эб булълъала	эб булълъала	AA2019
ADV	эб булълъидера	эб булълъидера	AA2019
ADV	эб игьала	эб игьала	AA2019
ADV	эб саъабу	эб саъабу	AA2019
ADV	эб саъабухвала	эб саъабухвала	AA2019
ADV	эбабла зивди	эбабла зивди	AA2019
ADV	эгьелиссуб зивди	эгьелиссуб зивди	AA2019
ADV	эшта къварала	эшта къварала	AA2019
ADV	эшубхвада заманалъику белълъаб	эшубхвада заманалъику белълъаб	AA2019
PTCL	мисалай чала	мисалай чала	AA2019
CONJ	ва амма	ва амма	AA2019
CONJ	къорода гучIада	къорода гучIада	AA2019
CONJ	эпиталу кьала	эпиталу кьала	AA2019
INTJ	валай гIазимгьа	валай гIазимгьа	AA2019
INTJ	гиригири гьа	гиригири гьа	AA2019
INTJ	салам гIалейкум	салам гIалейкум	AA2019
