pos	orig	source	reason	definition
ADV	а́бирха	SA2012	'см.' target not found: гъабиргъа	см. гъаби́ргъа
ADV	гьиналълъа́ру//гьинлъа́	SA2012	'см.' target not found: гьеналълъеру бесхъа	см. гьеналълъе́ру бесхъа́
ADV	да́рцвалъи	SA2012	'см.' target not found: дахIцабалъи	см. да́хIца- балъи
ADV	кьа́нтIив	AA2019	'см.' target not found: ело	смело; кьа́нтIив вигъи́ храбриться, крепиться
ADV	мухIкани́в//о́	SA2012	very short alternative after // (suffix replacement?): only the first form is used	нареч. 1) надёжно, прочно, в совершенстве; гьущуй гIараб мицIцIи иухIканив бегъа
ADV	мухIкани́в//о́	SA2012	very short alternative after // (suffix replacement?): only the first form is used	нареч. 1) надёжно, прочно, в совершенстве; гьущуй гIараб мицIцIи иухIканив бегъа
ADV	мухIкани́в//о́	SA2012	very short alternative after // (suffix replacement?): only the first form is used	нареч. 1) надёжно, прочно, в совершенстве; гьущуй гIараб мицIцIи иухIканив бегъа
PTCL	гього́лълъа	SA2012	'см.' target not found: голълъа	см. го́лъ- лъа
ONOM	чIчIи́нтIи	SA2012	'см.' target not found: чIчIир-чIчIиди	см. чIчIир-чIчIиди́
